FID,IID,spike_slab,laplace,ridge
HG00096,HG00096,0.6911163676406449,0.27706107999490875,-1.3739481811928864
HG00097,HG00097,-1.2357548930709172,0.7161843964932199,0.374566214269957
HG00099,HG00099,-0.4570476617874859,-0.0594741724389089,0.11139151477489523
HG00100,HG00100,-0.1954538136082847,0.9193494578268633,-1.0442864664985045
HG00101,HG00101,0.48281400095868654,0.7233450826320609,0.5275617364220695
HG00102,HG00102,-0.33399835599918165,0.2948565542116197,0.6995791774613481
HG00103,HG00103,0.05758522094124452,0.3064626466919161,-0.49921610882913203
HG00105,HG00105,0.5932980921587179,-1.6850165003324484,0.24282352269436552
HG00106,HG00106,1.7523219343517242,1.1201455585674718,-0.13901724656134312
HG00107,HG00107,0.17446091143382636,-0.7900709967927892,0.10272012349945014
HG00108,HG00108,-0.734272368075487,-0.7000527407422217,-0.5035498034470164
HG00109,HG00109,0.9180297208530321,-1.4018529548241578,-0.0043212571610976094
HG00110,HG00110,1.1325412703549524,-2.0793962243260777,-0.7705192721821323
HG00111,HG00111,-0.1063439702446249,2.113808833048033,-0.4916945537155949
HG00112,HG00112,-0.03908561117714815,0.9427104263383885,0.3727218894810021
HG00113,HG00113,0.8336901689475977,-0.0011707819871611957,0.8420064957594211
HG00114,HG00114,-0.11323049600946894,0.11099346443874691,0.6330564002681549
HG00115,HG00115,1.0321415617317367,-0.9119889481653982,0.37062179620316393
HG00116,HG00116,-1.1855079659758283,0.6958451889966069,-0.24924383781182524
HG00117,HG00117,-0.09233370796362977,0.3372803655678519,-1.3199429639413616
HG00118,HG00118,0.3619424441684995,0.009943965843877453,-1.4963141250500362
HG00119,HG00119,-0.8790270767515858,-1.0750781099969113,-0.7643599805884549
HG00120,HG00120,-0.8903532369870268,1.1627202984286056,-0.0586144861457204
HG00121,HG00121,0.28607993330565823,0.5394780807811762,-0.49273355220386306
HG00122,HG00122,-2.059873976612395,-0.36434660557117304,1.1997777027902319
HG00123,HG00123,0.6195629511579543,0.3718238857295182,0.3897382174990285
HG00125,HG00125,0.5107890777530582,-0.7429174932621656,-0.5801951862504197
HG00126,HG00126,-0.8523059949083307,1.0234979058054137,-0.27937540138372285
HG00127,HG00127,2.013559104052989,0.3539714634232384,-0.3719273527451964
HG00128,HG00128,-0.23936049731487796,0.5417737608302124,2.291562427485287
HG00129,HG00129,1.521830689952905,0.5800021816001573,-0.2611787626999974
HG00130,HG00130,1.2663107534895433,-1.7857186340785174,-0.8631942496800674
HG00131,HG00131,-1.805096079191384,-0.5922372937108183,-0.020467328761993808
HG00132,HG00132,-0.7593004694489253,1.049281481231321,0.002583042707359373
HG00133,HG00133,-0.2643459117098063,-1.4468606037799658,-3.624165749408716
HG00136,HG00136,3.055499361590783,1.3069925483852736,0.25039146395394263
HG00137,HG00137,1.5701630715897097,0.429318536518216,-1.5530155771460143
HG00138,HG00138,-0.20391538124267738,0.5876646897954627,-0.49290755199487735
HG00139,HG00139,0.8722122521861693,-1.873884186703539,-0.07456530203356293
HG00140,HG00140,0.6221053919490539,0.6886215570177264,-0.8057862924503315
HG00141,HG00141,-0.7970683656927248,0.4658048632432481,-1.5000893786963827
HG00142,HG00142,0.6713311485311113,0.7999495923313013,0.024105261652985877
HG00143,HG00143,-0.2962106875819493,-1.241132721564171,0.7747056365836543
HG00145,HG00145,1.0518393399036317,0.920956195140295,0.7905924421900058
HG00146,HG00146,1.7789788538264697,-1.3924566879448659,-0.4510972587284248
HG00148,HG00148,0.13581603736665757,-1.1236386526101616,-0.7067359605024071
HG00149,HG00149,0.46874181104721646,-0.0771406781423832,-0.10428926491010262
HG00150,HG00150,-0.4842251486619275,-0.7734502972997388,0.5796029554691974
HG00151,HG00151,-0.058242977756814196,-1.4624129899398888,-1.845295014137839
HG00154,HG00154,0.07950394199012523,0.5228039931214594,3.0298293302365833
HG00155,HG00155,1.2444885898504763,0.5958097407232489,0.0795683541346075
HG00157,HG00157,-0.9764119528568705,-0.09147004214647554,-0.4555782676800677
HG00158,HG00158,1.5468659169796695,1.5452599843216186,0.04990192037739909
HG00159,HG00159,-1.2269313931945542,1.9173956927716542,1.072083660181007
HG00160,HG00160,-0.8629083338335655,1.7806230349516587,1.910225529524039
HG00171,HG00171,-0.5768037772808612,0.44067569440990617,-1.221348746817266
HG00173,HG00173,-0.7661781477538026,0.964644514462048,-1.2713358436674354
HG00174,HG00174,-0.25894924773380357,0.2183296193278164,-0.04984508719451369
HG00176,HG00176,-1.0153419014918972,-0.3056815463303039,1.6758650334094405
HG00177,HG00177,-0.20130623909290757,-1.0084759625138942,1.6561736665559645
HG00178,HG00178,-1.1049140553144305,-1.0297252908721999,0.5661966332871846
HG00179,HG00179,-0.5570800240737196,-2.9438578576090624,-1.395711029836896
HG00180,HG00180,0.2366935802286162,-0.36932767129166894,-0.8470839901722564
HG00181,HG00181,-0.6990474127517927,-0.004943116705013725,0.7130710721440683
HG00182,HG00182,1.1507501807972222,-0.7494540035014027,-1.3298217455014203
HG00183,HG00183,-0.417262227995176,-0.3075666255724451,1.1458994663847701
HG00185,HG00185,-0.3918204888171202,-0.23835286870646932,-0.7389017486993539
HG00186,HG00186,-0.9794214418775747,1.537528941461305,0.5402337432164962
HG00187,HG00187,-0.7400359647236152,1.7778012178116236,0.5177599609827856
HG00188,HG00188,-0.5043831622823628,1.614409250329203,0.4561164377365053
HG00189,HG00189,-1.1959845206415665,0.356248063555631,1.2036333721897605
HG00190,HG00190,0.7821472640881607,0.19584227130417592,-1.4899386466508355
HG00231,HG00231,0.26554527228947966,0.7283408874453247,0.406805638191842
HG00232,HG00232,0.6384704810113304,2.414579580392498,-0.9708160366229979
HG00233,HG00233,-0.8129577181137829,-0.5763077913949586,-1.0790484281454444
HG00234,HG00234,-0.1063876890527026,1.4715132660545212,-0.09653026868003234
HG00235,HG00235,0.10133953838788823,0.6734461737410359,-0.4850533407701616
HG00236,HG00236,0.3144428263879322,-1.7206826833338438,2.995373991316681
HG00237,HG00237,1.1540361079852481,0.7906593312806109,0.3188462572169818
HG00238,HG00238,1.9248240869133009,-0.9430237158134476,0.06308213404205293
HG00239,HG00239,-0.6785511672628427,-1.575456193098058,0.8248608315995715
HG00240,HG00240,-1.089280949196638,-0.19556910231495794,-0.17687306697914001
HG00242,HG00242,-1.5445813058487796,0.21623423324524776,-2.461589967492851
HG00243,HG00243,-0.36348915416730987,1.5366016449851148,-0.2569335824252654
HG00244,HG00244,0.06494499545863819,0.859493945906878,-0.09404367516825371
HG00245,HG00245,1.2795060359367332,0.7766337678751195,0.10051272305895531
HG00246,HG00246,-2.4890329404115135,-1.5844617541434665,-2.4810710334004122
HG00250,HG00250,-0.3195804293452672,0.2072011504800352,-1.07257945082701
HG00251,HG00251,0.3596207162310284,0.310463971909689,-0.44134626070056804
HG00252,HG00252,-0.16418050601947387,-0.38426437747030395,2.0355718050113705
HG00253,HG00253,-1.0580065552193143,-2.052839151009503,0.23330730208453698
HG00254,HG00254,-0.8045919271782966,-0.7196037780607775,-0.1414739819468124
HG00255,HG00255,-0.478482233931957,0.541707740923397,-0.6712443133083508
HG00256,HG00256,-0.3788445272213925,1.0082908577421401,-0.9105593464389624
HG00257,HG00257,-1.2604293332405336,-0.350693919370355,0.9107340173519365
HG00258,HG00258,-0.20626183625663497,0.7814433233972031,0.30624666787210986
HG00259,HG00259,-0.6821708069616015,0.9101428869446291,-0.5362498784504822
HG00260,HG00260,-0.5517806811427804,0.304961637261776,0.11552169808620039
HG00261,HG00261,0.3775127991274012,-0.024811489769337364,-0.29019513046253026
HG00262,HG00262,0.8628265685402313,-1.1575199943399732,0.6941474454532878
HG00263,HG00263,0.29331431862864643,-1.7605709957986924,-0.8708926947870452
HG00264,HG00264,-1.217578820307586,-0.6583798578257264,-1.6990195779837984
HG00265,HG00265,-0.6171759855066619,-2.596462955190076,0.19867652311182277
HG00266,HG00266,-1.1749004026318444,-0.11274545587727178,-1.0531586572224312
HG00267,HG00267,-0.8639662543183537,1.1636285306813372,2.08364415255504
HG00268,HG00268,-0.01347116531723741,0.936134015114427,-0.3882823471367923
HG00269,HG00269,0.5814089592825379,-0.3946841334793038,0.39360906695925435
HG00271,HG00271,0.3108769951721686,-0.5075152759042562,-0.9689721497967716
HG00272,HG00272,-0.7496249815328148,-1.7723876262416216,-1.3541978348137624
HG00273,HG00273,2.1084615778562656,1.0677766611479826,-0.3990616396619372
HG00274,HG00274,-0.49734499153196254,-0.07221009064799572,1.2623643929458368
HG00275,HG00275,-1.1210373882060376,-0.40018010346896027,-0.7941691075016866
HG00276,HG00276,-1.120670170255563,-0.07218750264360285,0.8945824607065419
HG00277,HG00277,-0.6975169028064427,0.65653405457409,-0.2933970994377091
HG00278,HG00278,0.5715608250713657,0.8463235700767635,1.137062969731426
HG00280,HG00280,1.0227715206259895,1.013026364237427,0.17623145759689485
HG00281,HG00281,0.7487525362551187,-0.05182530524371363,0.33940985061026885
HG00282,HG00282,0.10583075097470288,-1.7863320811806922,-1.6939381240567837
HG00284,HG00284,1.7194511868513542,-1.5526414893710367,0.5672883295003344
HG00285,HG00285,1.019331104478944,0.5609575235764965,-1.2810355585562716
HG00288,HG00288,-0.8627637273810206,0.06934687620517976,0.6027663145390214
HG00290,HG00290,-0.149610811928243,-0.8128419030605306,1.5335840928667936
HG00304,HG00304,0.4459900073617207,1.705550365663183,0.883635594305855
HG00306,HG00306,-0.6825348077834815,-0.3277306184536824,1.1093852545750198
HG00308,HG00308,-1.5324410013439482,-0.5495117248929241,1.2314778054847477
HG00309,HG00309,1.0763778865665887,-0.45429807969581093,0.5564419474631273
HG00310,HG00310,-1.702391100385549,0.6488338791588875,-0.08082454479324946
HG00311,HG00311,-0.32438110359291283,-1.2247345708823794,0.3618807590477735
HG00313,HG00313,-1.6310099807274756,0.118993146738047,-0.4710748421915538
HG00315,HG00315,1.029085369088367,0.8916890660468771,-0.7613554854433244
HG00318,HG00318,-1.0017287128090002,1.3137419716715926,0.16221469868075342
HG00319,HG00319,-1.182104146566644,-1.3906777032296684,0.1749220444722676
HG00320,HG00320,-0.04532427358048652,0.868951685516497,-1.7117605426683609
HG00321,HG00321,-0.8159702325374846,1.5697125092838866,-1.7813594834406992
HG00323,HG00323,3.243305511965082,0.45666653090249765,-0.6716370670953338
HG00324,HG00324,0.37477301009507186,2.260808007763618,-0.5086899613029441
HG00325,HG00325,-1.015944214276641,-0.6065830877027503,-0.13673403823716737
HG00326,HG00326,-0.5708529539199931,-1.1206076162832292,-0.022602347322680516
HG00327,HG00327,0.2234965873973969,-1.2791134384051754,0.7410053521517439
HG00328,HG00328,-0.3116984937440878,-0.43930513320411935,0.24877120299079078
HG00329,HG00329,0.778024089119995,-2.594481272471998,-0.06249807796081995
HG00330,HG00330,1.82956618355202,1.9436190521234336,0.008238931213203363
HG00331,HG00331,-0.04111261320141307,-0.22466892364728597,-0.47400762638515326
HG00332,HG00332,0.3655065538580867,-1.3202624422659839,2.07992292649282
HG00334,HG00334,0.9242184221713642,-1.6544953322585707,0.3658493215925007
HG00335,HG00335,-0.7646140874100057,-0.3367267167929979,0.2860816201158072
HG00336,HG00336,-0.22775128781392817,1.309482231041747,0.5392468145810545
HG00337,HG00337,-0.6552129550624056,-0.13582131586438767,1.2270190971066954
HG00338,HG00338,-1.3430611738692682,-1.9275569603884706,-0.2977574539114817
HG00339,HG00339,0.8101921178693835,0.5744748849322528,0.23139514215613505
HG00341,HG00341,0.3750279732547715,-0.07037655613316862,-1.7676380934762395
HG00342,HG00342,-0.47086865362361624,0.13239879552426906,-0.9002567859556674
HG00343,HG00343,-0.12292895286168232,2.0688620686576864,-0.0007950096256314071
HG00344,HG00344,1.2524298909756788,0.5997087814594133,0.27986659466181874
HG00345,HG00345,-0.8529142410114965,-1.4320694671892387,1.4438497690738934
HG00346,HG00346,-0.056154640309093756,-0.402761245319465,1.3116164636124328
HG00349,HG00349,-0.783911206580753,0.3026115707483963,-0.66575208082179
HG00350,HG00350,-0.019666752253170716,0.227514367908783,0.8508106470524096
HG00351,HG00351,2.2438593631757344,0.3877240960311716,-0.4017533076785753
HG00353,HG00353,0.7077932490081258,0.8521585846037001,-0.9509694331217216
HG00355,HG00355,-0.6907352910520106,-0.4837544396196168,-0.9757676485503161
HG00356,HG00356,-0.49626677464120506,-0.3376466249181009,-0.8509357749968898
HG00357,HG00357,-1.3626675998455922,0.02298610664914459,0.38858975215585423
HG00358,HG00358,0.4476826113739989,-2.1013482685045757,0.10920292463474257
HG00360,HG00360,1.3392610629842348,0.9358082213417392,0.687082916432998
HG00361,HG00361,0.5337955851028193,-0.6239295286502947,-0.6212162978407175
HG00362,HG00362,-0.7082537861410376,1.4221792545288878,1.169497914865906
HG00364,HG00364,-0.11328979811115808,-0.5359485554347578,0.6362002729907359
HG00365,HG00365,-0.5060894646066341,0.5129508733686425,-0.4746868777713982
HG00366,HG00366,-0.3120543355344382,-0.16385341392971187,1.5169980612911331
HG00367,HG00367,-0.2360348718947778,1.1218068182706016,-0.07214894910570158
HG00368,HG00368,0.14240080778174247,-0.585552721640082,1.6029134630468898
HG00369,HG00369,-1.3014515950003709,-0.4801215194332861,0.41186577114428313
HG00371,HG00371,-0.30929172967110496,0.17377163686829392,0.9502180509579887
HG00372,HG00372,1.2211498295635357,0.6024328091067437,0.23923106140810568
HG00373,HG00373,1.065906950131248,-0.3310817282391846,-1.5769456460673
HG00375,HG00375,-1.309856904594996,-0.30392245591087086,-1.6502324786738072
HG00376,HG00376,0.4511489098830425,1.2461276510623338,-1.5642591017716865
HG00378,HG00378,-0.30228226878411796,0.6694460264410638,0.1290976083398918
HG00379,HG00379,0.32648733133831054,0.16598064237211124,1.5102892457118873
HG00380,HG00380,-1.1676202247722802,-0.3598211786182006,-0.05934071349919723
HG00381,HG00381,0.39808541403918957,-1.562231261674018,-3.1090494510370443
HG00382,HG00382,-3.1630964260239898,0.16356618859053024,-1.6543392911072434
HG00383,HG00383,-0.715448130348865,0.41116973346848973,0.4523532441410726
HG00384,HG00384,-1.000044818827202,-0.12024251411618213,0.12372075880166472
HG01334,HG01334,0.027746415067591068,1.1350346595258967,-0.21756737880474308
HG01500,HG01500,1.2198479795231867,1.877938998884901,0.4120136309479907
HG01501,HG01501,-0.49863425429888586,-0.5547655635459902,1.8801290877501742
HG01503,HG01503,0.27941963029158545,1.0616111935780508,-1.9572961117617238
HG01504,HG01504,0.35787737485488524,1.2960613616712564,-0.29188985093781183
HG01506,HG01506,-1.4094565014333702,1.3146986299105834,-1.4584323610791736
HG01507,HG01507,-0.833975181311484,0.35360985493133934,0.30558331141219935
HG01509,HG01509,-1.1041159763479043,-0.2911616282717885,-0.32953794836665135
HG01510,HG01510,-3.632439499224257,-0.7890402542210437,-0.800725312504138
HG01512,HG01512,-0.7102272457442999,1.554655476724836,-0.1527939111409271
HG01513,HG01513,0.393769589151655,-0.5155304067532037,1.1023448686885473
HG01515,HG01515,-0.3503128252993434,-0.04593181259363188,0.041882651323648906
HG01516,HG01516,0.5916430066415203,0.7117588504518975,-0.6627171218172586
HG01518,HG01518,0.7192500641625297,1.0836680665019718,1.1056225450701453
HG01519,HG01519,-0.7040320753356937,0.18977987033182864,1.047420515976354
HG01521,HG01521,-0.7769764847957957,0.0060705166384634746,1.3361778731815508
HG01522,HG01522,-0.10642088055553969,-0.1989633592895037,-0.2563791673681811
HG01524,HG01524,1.2900686198600595,0.0767294000042667,1.4112428720281915
HG01525,HG01525,0.7263055951547952,-0.48984307168795427,-0.4955188988237992
HG01527,HG01527,-1.2252165557985224,0.3848798395245854,-0.5847006490232821
HG01528,HG01528,1.3459216226194572,-0.1013951683582508,0.5257868492458472
HG01530,HG01530,-1.6248329195289755,1.6832845793322386,2.0813643462995763
HG01531,HG01531,-0.4104674094337087,1.260328804540884,0.4533236538871975
HG01536,HG01536,1.029328251782167,0.22817089467500357,0.9427150419574524
HG01537,HG01537,0.051459789608209766,0.22671407797173687,1.4737380478696969
HG01602,HG01602,-1.1359104003418226,-1.616254229529298,-0.060373712179085604
HG01603,HG01603,0.10061276104854328,1.6064502121919926,-0.7518200146139995
HG01605,HG01605,1.6406089489236446,0.24771547690384177,0.008687101992475577
HG01606,HG01606,1.5102509443919825,-0.8244959882101541,1.8111529479256645
HG01607,HG01607,0.04088786865570013,0.013030054092446675,1.079840177727715
HG01608,HG01608,1.1390559198131145,-0.01582876396097288,-1.8887089746945167
HG01610,HG01610,0.2580505036858467,-0.6227395553775809,-0.8080011335243943
HG01612,HG01612,-0.5485782223799834,2.139819080361348,-0.05894066093132677
HG01613,HG01613,0.7804301251875849,-1.1709474395192734,-1.0797549172553589
HG01615,HG01615,-0.9560661236390876,1.1744977313414866,0.4006619575658785
HG01617,HG01617,1.526762112325502,0.33338638578603247,1.150474279484891
HG01618,HG01618,-0.9106807663877099,0.2144325803207538,-1.2509760730528108
HG01619,HG01619,0.7236614419575678,0.45834563318787935,0.5721171958743967
HG01620,HG01620,-0.3265037096910073,0.7718242751301264,0.666689680799039
HG01623,HG01623,0.17574841348597164,-0.6400311170725341,0.7169925854721017
HG01624,HG01624,0.7635938880349245,-1.0326293978962238,0.5151304709437586
HG01625,HG01625,0.6641590729454738,0.12983674373335485,0.7654426252982519
HG01626,HG01626,0.49678554775506967,2.528425876726527,0.8888728106751111
HG01628,HG01628,0.6869960357823948,0.5953144516493987,0.3747470479310213
HG01630,HG01630,1.525635828267014,-0.8992639062153689,0.9986664329306112
HG01631,HG01631,0.34039497273997454,-1.7974835060174885,-0.00674699313556365
HG01632,HG01632,0.6100879542505027,-1.1620520449242788,0.41632540688472186
HG01668,HG01668,0.03260457699042385,0.25872235977723645,-0.17978811090391095
HG01669,HG01669,-0.06854332037007338,0.2693744174868798,-1.034517563716958
HG01670,HG01670,1.076952876733948,-0.7544522067903806,-0.8327437728679343
HG01672,HG01672,-0.21347551402678477,0.7299850598960078,-0.3217163419403275
HG01673,HG01673,2.2004325042205544,0.9765660182666822,1.2236055615293113
HG01675,HG01675,-0.061041120461065135,0.7185532800808345,0.08214906243605546
HG01676,HG01676,-0.7376192893819349,0.690954452438129,0.542505018666392
HG01678,HG01678,1.0123007961035555,1.6538229590334106,0.2932409932996793
HG01679,HG01679,1.1590141476341251,-0.818839595841762,1.799516839717529
HG01680,HG01680,-1.9319641480500518,0.13522845594683985,-0.14835742081568376
HG01682,HG01682,0.008827001609601814,0.3199414168738906,1.1954218579232858
HG01684,HG01684,-0.534485528742905,0.058545283666600126,1.0966231607889276
HG01685,HG01685,0.11747102208853993,-1.2342112638739915,-0.85905819042682
HG01686,HG01686,1.0328407908030701,0.3727817066222895,0.8307954674824041
HG01694,HG01694,-1.5693156582419308,2.0859732504604924,0.6699346793457883
HG01695,HG01695,-0.3484353975122396,0.5333177080127152,-0.1392343730395897
HG01697,HG01697,0.42726118149249664,-0.7842468415417738,0.9986729977386948
HG01699,HG01699,1.1508321865572835,2.60873017222348,1.0006524180826815
HG01700,HG01700,0.34919919763405605,0.2094963230984308,1.6610407640371714
HG01702,HG01702,0.7377090190010833,-0.0003169483033598208,0.12343956723772209
HG01704,HG01704,-2.2187075565759025,-0.5507384599865817,1.7680969413571332
HG01705,HG01705,-0.6811327984632003,1.3886937192952487,0.8548651789222568
HG01707,HG01707,1.3304690605911886,0.8516455188269464,1.1437342177236174
HG01708,HG01708,-0.6343979835491311,-0.29360724002325783,-0.17234503527726086
HG01709,HG01709,0.08849209084584059,-1.0837240893944218,1.3691517860913627
HG01710,HG01710,-0.6533284769507133,-1.11101653506326,-0.48119550195091015
HG01746,HG01746,-1.24493730951533,-0.6763646614972971,1.1692596407909912
HG01747,HG01747,1.6941522457378206,0.11003948450889156,-0.657495810248004
HG01756,HG01756,0.199294366800862,-0.4440661313693385,0.039434138596441876
HG01757,HG01757,2.4353894868489956,-0.6266438931995553,0.14274633675493453
HG01761,HG01761,-1.7651971190779348,0.7780956782578942,0.8311664360318649
HG01762,HG01762,1.842078813757393,-0.5866785523709172,1.2250650001034606
HG01765,HG01765,-0.8249917992309846,0.8273282383620898,-1.5972335260118844
HG01766,HG01766,-1.6124256254317488,-0.9891075118817423,-0.9197974249264832
HG01767,HG01767,-0.5998792749079536,-0.0731626047897867,-0.34561040725968584
HG01768,HG01768,0.7228818566482951,-0.8500962316673424,0.8348842332941462
HG01770,HG01770,-0.5458185972218303,0.4762306843523085,0.5020587402930973
HG01771,HG01771,0.5415832404259882,-0.8802210811562219,1.0559154234062387
HG01773,HG01773,0.14463147999628984,-0.18965017120203922,-0.22921045164121776
HG01775,HG01775,-0.4742464917266096,1.0048272265980709,-1.261442660558817
HG01776,HG01776,0.13957919672017383,-1.2214668723417548,-1.8876907652983754
HG01777,HG01777,-1.05634295030629,0.131520922436356,-0.045620377997946646
HG01779,HG01779,-1.1676561854908598,0.2617249018580068,1.3027753527927017
HG01781,HG01781,0.030598435470760132,1.226123352936831,0.35958439765149164
HG01783,HG01783,-1.0323624631401598,-1.0653609432052331,-0.35767979314954124
HG01784,HG01784,1.6325236370307885,-1.1572125236914552,-1.512587366994206
HG01785,HG01785,-0.3359390711907249,-2.1320878862834776,0.2955146673175346
HG01786,HG01786,1.244822681711173,-0.32100427257984304,-0.679612803119249
HG01789,HG01789,0.8017952419813955,1.2586948306739374,0.07257085627378362
HG01790,HG01790,-0.48778688295675643,0.22180179084194473,-0.07530287438195848
HG01791,HG01791,0.9325053896351714,-1.039347696309221,-0.6698647873062009
HG02215,HG02215,1.1120286406488775,0.9955990478950744,0.5818265934117456
HG02219,HG02219,-1.411620091271891,0.23114853781980751,-1.2957781044707397
HG02220,HG02220,-0.7232355450026662,-0.45346226452407434,1.418343050001405
HG02221,HG02221,0.5722746408245418,-0.6418607630193949,-0.978842924956762
HG02223,HG02223,0.3516939793855119,-1.0544757914461484,0.021767111591073363
HG02224,HG02224,-0.8849138781988639,1.286610733027235,0.11704251564731133
HG02230,HG02230,0.7320154892580695,2.0538701313037953,-0.6217103599664828
HG02231,HG02231,0.5172328000687987,1.4011956230365332,-1.0524297640708777
HG02232,HG02232,0.1619875017389336,0.1608533917809798,0.7507670893301099
HG02233,HG02233,-0.5848689307917114,0.4543759120102654,-1.4002126815378368
HG02235,HG02235,-1.5328658702998046,0.586909099922959,1.2345827207804319
HG02236,HG02236,2.784230405856329,1.0022704666718525,0.5247039845542295
HG02238,HG02238,-0.29372141363705584,-0.5975672850187739,0.7072858768550117
HG02239,HG02239,-0.6225590763460103,-0.36444805228369387,1.3201085059936146
NA06984,NA06984,0.353197958906057,0.16627654145317367,-0.07498270316967215
NA06985,NA06985,-1.4170680441105477,-0.8209994607490194,0.5818334609051321
NA06986,NA06986,0.18225756309566488,-0.48892299137911965,-1.8749444144086815
NA06989,NA06989,-0.4269820910877713,0.6868921275631112,-0.17156196166187654
NA06994,NA06994,1.5896209562213433,0.862865173924614,1.5339345592203908
NA07000,NA07000,0.6031285700530427,0.41108341886613076,-0.0612226212970991
NA07037,NA07037,-2.002021889057741,0.9101663746233271,-1.1961356243333872
NA07048,NA07048,-0.27079662133296767,0.11975426295128633,0.38886534621277535
NA07051,NA07051,-1.1550526545625441,-0.6007628197857336,-1.350884416597292
NA07056,NA07056,1.3618580026889968,1.7688036323851453,1.4492861253301692
NA07347,NA07347,1.0936178430621126,0.4564744916784981,-0.9190769657051994
NA07357,NA07357,0.08242332371304215,-0.5710606177361888,0.7471036214008875
NA10847,NA10847,-1.3782817046699247,-1.8832768444163706,0.320361614725024
NA10851,NA10851,0.8624503406342684,-3.295143266689005,0.7415628234283875
NA11829,NA11829,2.0186757305011356,1.867930447719011,0.6062853544964045
NA11830,NA11830,0.8632639147545952,-0.5359984738338013,-1.8780918977079155
NA11831,NA11831,1.5334241696446334,-0.12407792247138183,0.10902348645226606
NA11832,NA11832,0.10670908293923465,-0.9026083335770687,0.49254289197593987
NA11840,NA11840,1.42988954947563,1.4502072114277924,-0.5623383223163945
NA11843,NA11843,0.7758489420360821,1.8859610460432767,1.4780743731628296
NA11881,NA11881,-1.201608804861781,-0.31768903491287453,-0.46382569170018706
NA11892,NA11892,0.6863014890721728,-0.6671584100557629,-0.9878571450453795
NA11893,NA11893,0.9711807378943613,0.7637765480248184,-0.8229696534094246
NA11894,NA11894,-0.8261383549542948,1.5264249250446609,0.5903654718136406
NA11918,NA11918,-0.8392357820561237,1.3409521665331448,0.3031372706063512
NA11919,NA11919,0.4876478262828774,-2.5960750263981387,1.6263554348182545
NA11920,NA11920,-0.02079103971641283,-1.7257093211363939,0.7510879487687062
NA11930,NA11930,0.22951668463823416,1.1816969859653852,0.06584367794117069
NA11931,NA11931,-0.09867941386670076,1.1793233850082419,-0.2517575165120627
NA11932,NA11932,0.5216635485954637,-0.5111824731829436,-0.13074777328958959
NA11933,NA11933,0.4524535285039838,-1.9348442908214485,-0.4433934855250584
NA11992,NA11992,0.6433862540861466,0.5800638012424091,2.5868126012478294
NA11994,NA11994,1.1223876403001753,0.2418924079572643,1.783199881312881
NA11995,NA11995,-0.7814124579191857,-1.1087373287858147,1.2193879885325338
NA12003,NA12003,0.24851993287471238,0.6823389709620256,-1.3124606554076914
NA12004,NA12004,-0.47646523042920463,-0.9048748546426048,-0.28409727730958656
NA12005,NA12005,1.7398665859377487,-0.3984343399986813,-0.7536464405423614
NA12006,NA12006,0.9242532900388063,1.6312625382584003,0.16349364719734238
NA12043,NA12043,-1.7343925236163986,-1.2471302106805473,0.7650844686627745
NA12044,NA12044,-0.963000272193079,0.24567560107849756,0.9412915297589198
NA12045,NA12045,-1.4155823191230685,-0.6214458946678861,-0.7971571062372556
NA12046,NA12046,-0.40041730758482164,-2.045265705284285,0.7577414341517648
NA12058,NA12058,0.297950730339938,-0.3792218766874324,-0.6391016993048487
NA12144,NA12144,0.5490701072015378,-0.4379256273189189,-0.34130328821261474
NA12154,NA12154,-0.10695469773570693,1.0639131719876849,2.0452481361129116
NA12155,NA12155,-0.05694028199455836,1.8859103568668818,-1.2821877804217818
NA12156,NA12156,-0.5171567839308748,0.8813195264082087,-1.3107165457912604
NA12234,NA12234,0.9028439735610977,-0.8979232691728853,-0.9732650570130696
NA12249,NA12249,0.3196354712685882,-1.3649797029605422,-0.3613494272553076
NA12272,NA12272,-0.6524970506849603,-0.6521860322230741,0.5338230082387245
NA12273,NA12273,0.07829914969499518,-0.10547581105610815,-0.06573006517407998
NA12275,NA12275,0.5048578366561518,-0.09437262557127607,0.1023769572968174
NA12282,NA12282,0.1372341909705179,-0.13220804890249035,-0.857229861866312
NA12283,NA12283,0.21156386365244384,1.8079705123304795,-0.11770494118312025
NA12286,NA12286,-0.19878564783666083,-1.0745157435707564,-1.062625442687222
NA12287,NA12287,-0.06556301331482817,-1.8188887881294789,1.1256254920585005
NA12340,NA12340,-0.3034236251052016,0.2561121306835338,0.656265154552645
NA12341,NA12341,0.00441708533387597,-1.7810554643796146,-0.6330880493739621
NA12342,NA12342,1.397943892584561,1.93864780935309,-0.17539507818178807
NA12347,NA12347,-0.4002258221178826,-0.9975874022140809,-1.5728397580571973
NA12348,NA12348,0.9892844408835334,2.192617771206156,2.075025221451521
NA12383,NA12383,2.1312649639342913,0.49074352103049274,-0.6546887518784047
NA12399,NA12399,-0.5278361263145781,-1.3766877230493233,-0.8578083226336206
NA12400,NA12400,-0.37638184232431515,-0.5599289892252003,-0.7657238431669775
NA12413,NA12413,0.4011507292628276,-1.6398793289068587,-1.8087189851268297
NA12414,NA12414,-0.24326990970806173,-0.4921318331348452,-0.030339040032615283
NA12489,NA12489,1.61394829738685,0.22186783977038788,0.7437748516336705
NA12546,NA12546,-1.3024074142720563,-1.30532501552495,-0.676263664612701
NA12716,NA12716,-0.388775179230206,-1.7830871739155771,0.06637195218811362
NA12717,NA12717,0.6603665047533117,0.6105803116482952,0.5806456108986267
NA12718,NA12718,-0.5113639141300478,1.493721831228049,-0.2713484510733552
NA12748,NA12748,0.1551385449571322,-1.126698333356355,0.6616207642457391
NA12749,NA12749,-0.3453991009865769,-1.4818564061900554,-0.5989946292397965
NA12750,NA12750,0.5679041869195244,0.9747272678737691,0.2871487926993286
NA12751,NA12751,-0.4161668848799771,-0.2992620290443135,-2.387763719109965
NA12760,NA12760,-0.10357098546424515,0.6925714139357777,1.1859408346839548
NA12761,NA12761,0.6255100680306009,-0.026095483086536475,-0.3248228970274069
NA12762,NA12762,0.19111703806929337,-1.1471774769279892,0.05563425565170679
NA12763,NA12763,-2.756072807100618,1.1823280640409237,0.16625247459537043
NA12775,NA12775,0.642394557667675,1.277307526706664,-2.1448377020115155
NA12776,NA12776,-0.539829025307111,-0.3297474645836248,0.4754050605741495
NA12777,NA12777,-0.640209486207681,0.3656598921228139,0.8125889299778575
NA12778,NA12778,0.3888748705863255,-0.8377464008380235,0.5420530687864947
NA12812,NA12812,0.7089299554424412,0.41471988440669444,2.2214378070321597
NA12813,NA12813,0.10073485829329695,-0.4057624051861696,0.4530621953445621
NA12814,NA12814,0.11778081154058415,1.6279097082065,-0.9504114095695517
NA12815,NA12815,1.1199149211608381,1.050428422213488,1.6299637798919508
NA12827,NA12827,-0.8834980826557042,0.2895226508246476,0.013281978071476897
NA12828,NA12828,1.072347595954076,-0.19992144498524073,-1.26127101284058
NA12829,NA12829,0.3763719618238833,0.2610269560194252,-1.145443176007868
NA12830,NA12830,1.3443970759127746,2.2808946143943736,-0.654764517173849
NA12842,NA12842,-0.25088461968590087,0.6761041328910933,0.26065893470394597
NA12843,NA12843,-0.39978745058989595,-0.13558392726170676,1.4564093375208647
NA12872,NA12872,-0.4599108781422769,-0.13745952301054395,-0.7358927156084465
NA12873,NA12873,-0.05961388903405376,-0.4389737364212518,0.3550802504676466
NA12874,NA12874,-0.513299341922589,-0.6854618994104466,0.5526670273039024
NA12878,NA12878,1.0560149373895609,0.487267971574852,-0.39546614292060134
NA12889,NA12889,-0.8395155242634454,-0.9073892554844173,-2.2216495132649845
NA12890,NA12890,-0.03781511705844742,1.0229582037522404,-0.9061938965754769
NA20502,NA20502,0.28233076643840405,0.07845723303578767,0.21933572214832506
NA20503,NA20503,0.08415076604517699,-1.5297524636051383,0.2550018340801842
NA20504,NA20504,-0.13828599059684454,-1.0990459734726814,-0.2576339084118921
NA20505,NA20505,-0.276492056492138,0.008214103192051458,0.14237594684672172
NA20506,NA20506,0.947111822731456,0.5900710265671157,-1.0406779651132871
NA20507,NA20507,2.5514392043915617,0.3571154470444567,0.47821076180518085
NA20508,NA20508,1.6538952876356139,-0.08014992245622926,1.0193671468376968
NA20509,NA20509,-0.766392444552598,0.457162373102359,1.5616189572787529
NA20510,NA20510,0.7389238837121108,0.16043813095403542,0.1648986621930742
NA20511,NA20511,-1.6295793952216886,-0.6377893689435958,0.6510820438470819
NA20512,NA20512,-0.09562923502820445,-2.325831840658183,1.6929205536753473
NA20513,NA20513,0.1608635049791643,0.1326477756941615,-1.0789728655356403
NA20514,NA20514,0.4303589845910294,-0.20317523747786567,1.3650816934463457
NA20515,NA20515,0.35243372240331416,1.521534273734117,-0.8028442172347825
NA20516,NA20516,0.850693007326387,-1.528331647487257,0.10361232961681854
NA20517,NA20517,-1.5017872944387027,1.1532422297536642,-0.34017208899535845
NA20518,NA20518,-1.1622042237363603,0.21210372352723877,-2.6338232899241802
NA20519,NA20519,-0.13325477199491562,0.24617796390669017,-0.016028962297803873
NA20520,NA20520,1.2119279071874516,2.8450225711431822,-1.304352798406563
NA20521,NA20521,-0.5880628446207259,0.6746174076916573,-1.5304065490311811
NA20522,NA20522,-0.24218197754208942,2.6694709549738005,1.4087715727462315
NA20524,NA20524,1.039663829485212,-0.80783448127,-1.8962818338387342
NA20525,NA20525,-1.6136809112513906,-0.9779244847691777,-1.033260522601171
NA20527,NA20527,0.06294799459028588,0.9491144065042896,0.7130567937979204
NA20528,NA20528,1.229636960262155,0.41797228646355156,-0.3871019027119233
NA20529,NA20529,0.5376763620088398,0.05809249586835491,0.19483550818961692
NA20530,NA20530,-1.3455062044709662,-1.7751004832534543,0.6077373806910633
NA20531,NA20531,0.6357298706974235,-0.7062571285089078,-0.30006949667705
NA20532,NA20532,0.9876383967030188,-0.5065486042689535,2.0223445372255546
NA20533,NA20533,0.9252055933673198,-0.04277492406553651,1.5769805253804727
NA20534,NA20534,-0.3433278260606753,0.1594117883782693,1.2702351042924618
NA20535,NA20535,0.29899146348700983,0.08610324879358214,-1.302197124416197
NA20536,NA20536,1.6666157951640233,0.7366908134424319,0.5665333341178846
NA20538,NA20538,1.5018601658444886,0.8931076327104732,0.8062810811489314
NA20539,NA20539,-0.25433533905687344,-1.463270336865439,-0.869154811020131
NA20540,NA20540,1.1193458152663003,1.1028780046437154,-2.0995851221656845
NA20541,NA20541,0.06649247203006492,-1.5135091498826414,-1.8074597717793583
NA20542,NA20542,0.5211047041164742,0.741266790448097,0.3207120489378801
NA20543,NA20543,0.77212636701848,0.6169542004063915,1.236791509948787
NA20544,NA20544,0.5428206897778394,-0.20621235658165382,1.2019333622401134
NA20581,NA20581,-1.1644574390077762,-1.0050395796556237,0.5452533942476798
NA20582,NA20582,-1.4793859209539395,-0.5152775764007071,-0.850022077836604
NA20585,NA20585,-0.7762225442448121,-0.4741445597888938,-0.21730457329892822
NA20586,NA20586,0.3877710199449519,-0.5189320834558765,-1.3415174792424944
NA20587,NA20587,0.5529447160670348,-1.3445932650372043,0.6369863665844264
NA20588,NA20588,1.166212972401576,-0.15930933982696427,0.41910422392950797
NA20589,NA20589,0.32730499800923674,0.0003389057808085294,-0.2624590229451762
NA20752,NA20752,-0.9523022686242817,-0.4559459933673184,-0.40191016872124724
NA20753,NA20753,-1.7664036942659327,0.32730081759398594,1.1257778463786208
NA20754,NA20754,0.5566258611253673,0.7388518721665643,-0.46185347971728796
NA20755,NA20755,-0.5764946779087555,-0.05798074746373479,0.015896958927187843
NA20756,NA20756,-0.3075566265415944,-0.5178816287111762,-0.6306197445552535
NA20757,NA20757,0.6451382368520343,0.10378751018210805,-2.3978124609796527
NA20758,NA20758,0.635290273851786,-0.1654035899689892,-1.4720222190228631
NA20759,NA20759,0.05188650970798875,-1.2332448050949723,-1.1157482807658379
NA20760,NA20760,-1.6811197289753852,-0.05039403077039206,-0.903945968255297
NA20761,NA20761,1.9139543052365147,0.7045616795955807,1.1139656903964312
NA20762,NA20762,-1.1098723131291872,-0.27228166534271786,-0.061851348913600335
NA20763,NA20763,0.4482703882875272,-0.1698394847200498,0.9285633887999842
NA20764,NA20764,-0.999362666123779,-0.16147687538023925,0.5648637466409051
NA20765,NA20765,0.9518124285322921,-0.07003250540959305,1.1829980701240328
NA20766,NA20766,0.133835783708218,0.7836339255999004,1.2871531329008612
NA20767,NA20767,0.6236045415159972,-0.6628414591685239,0.1475808206297109
NA20768,NA20768,-0.32298639690253217,0.9832961938028739,0.4835612451720189
NA20769,NA20769,0.08897994380481983,0.6435808686523197,0.11524735349226076
NA20770,NA20770,-0.40357474159788265,-0.2900555189651344,-1.01983340350289
NA20771,NA20771,0.3874628897170105,1.5501162415364178,0.4495176984150612
NA20772,NA20772,0.2891560605369641,0.5310351068718633,0.5299701251856032
NA20773,NA20773,-1.5172541824145946,-0.8712797347136793,-0.49195195235899125
NA20774,NA20774,-0.008681578577922691,-1.1052999621393054,1.0676756534494587
NA20775,NA20775,-0.7360947126801816,0.5260413917181066,0.027938052510027345
NA20778,NA20778,0.3266875248321732,0.8106149973663751,-0.033287279392240104
NA20783,NA20783,2.093761228895744,0.6368358640452412,-0.997348017701402
NA20785,NA20785,-0.09678183413021268,0.333393382000893,0.8866666470092768
NA20786,NA20786,-1.9132303654079539,-1.2778641044990207,-1.6186324450801148
NA20787,NA20787,1.3220801154762971,-0.02244597290300991,1.6186326283897534
NA20790,NA20790,0.3132895071846733,0.5969099765183604,-0.4968165677936611
NA20792,NA20792,-0.1755631526211777,-1.3188555281532246,-0.6277237348941725
NA20795,NA20795,-0.5288150044208428,-0.47122403878648317,-0.17878245545530316
NA20796,NA20796,1.400602121952998,0.038638096203323036,0.7165950363862708
NA20797,NA20797,0.23890185507466816,0.10302809642434957,0.31498639611669915
NA20798,NA20798,-0.12489044229606619,-0.16680360108135342,-0.19775195302856344
NA20799,NA20799,-1.8334369193391609,0.021134373100648196,-0.04523485874479416
NA20800,NA20800,0.0075650413726393514,1.528819033962552,-0.27781081719065215
NA20801,NA20801,-0.7171920881699657,-0.607866779959835,1.5309823550791577
NA20802,NA20802,1.6452110760653764,1.5239574578493822,-1.067095120767587
NA20803,NA20803,0.7060077310036659,0.1331074322015683,2.1962713167968446
NA20804,NA20804,-0.5096855436742836,-1.6161161818989562,-0.32941878046830675
NA20805,NA20805,1.1235851518650408,-1.5501391607667994,0.8458249683117216
NA20806,NA20806,1.7670785118619563,0.43884478865595267,-0.34368145333367506
NA20807,NA20807,-0.4045991441318341,0.920804601406348,-0.4820578800020484
NA20808,NA20808,0.05211702998957046,-0.45874131491695125,1.170554284760625
NA20809,NA20809,0.2698003707317916,-0.6804669427987513,-0.28071781307914195
NA20810,NA20810,-0.3704463162428071,-0.3727689349287628,-0.6931539387852862
NA20811,NA20811,-0.14985615320627338,0.3247741332365702,0.8721449338210697
NA20812,NA20812,2.034802146129571,0.1798477258501931,0.6432971144558068
NA20813,NA20813,1.421038582070011,0.16267004121425366,0.6764856390848661
NA20814,NA20814,-2.0601450778261574,0.842906308769506,0.5020717258605625
NA20815,NA20815,-0.7582417573861312,-0.8750852392147883,0.13131252127250562
NA20818,NA20818,1.433371832425535,0.04859290297924271,0.4751164314871178
NA20819,NA20819,1.242691598359762,0.527917320645852,0.2409234531185193
NA20821,NA20821,1.0178641940248228,-1.5677434491512614,0.05283457407845071
NA20822,NA20822,-0.6739753667609851,0.23857827591768832,0.6158663880875298
NA20826,NA20826,0.6286164343438603,-0.8279403368772214,0.3133403457800773
NA20827,NA20827,1.6844274236469403,-0.17280803583016757,0.15919064567464358
NA20828,NA20828,0.5447482620889519,0.27682672699165173,-0.47940727465850175
NA20832,NA20832,0.0955964714479744,-0.8665071967277479,0.1520385989402141
